[
  {
    "model": "catalogos.funcion",
    "pk": 1,
    "fields": {
      "codigo": "PROD",
      "nombre": "Producción",
      "descripcion": "Función base para registros",
      "activa": true
    }
  },
  {
    "model": "catalogos.turno",
    "pk": 1,
    "fields": {
      "codigo": "M",
      "nombre": "Mañana",
      "hora_inicio": "06:00:00",
      "hora_fin": "14:00:00",
      "activo": true
    }
  },
  {
    "model": "catalogos.ubicacion",
    "pk": 1,
    "fields": {
      "codigo": "PLT-01",
      "nombre": "Planta Principal",
      "descripcion": "Ubicación base para pruebas",
      "activa": true
    }
  },
  {
    "model": "catalogos.maquina",
    "pk": 1,
    "fields": {
      "codigo": "EQ-001",
      "nombre": "Mezcladora piloto",
      "tipo": "MEZCLADO",
      "fabricante": "",
      "modelo": "",
      "numero_serie": "",
      "año_fabricacion": null,
      "ubicacion": 1,
      "descripcion": "Equipo base",
      "capacidad_nominal": null,
      "unidad_capacidad": "kg/batch",
      "activa": true,
      "fecha_instalacion": null,
      "imagen": null,
      "documentos": []
    }
  },
  {
    "model": "catalogos.producto",
    "pk": 1,
    "fields": {
      "codigo": "PRD-001",
      "nombre": "Tabletas demo",
      "tipo": "COMPRIMIDO",
      "presentacion": "BLISTER",
      "concentracion": "500mg",
      "descripcion": "Producto semilla",
      "activo": true,
      "imagen": null
    }
  },
  {
    "model": "catalogos.etapaproduccion",
    "pk": 1,
    "fields": {
      "codigo": "MEZ-01",
      "nombre": "Mezclado",
      "descripcion": "Etapa base",
      "activa": true,
      "maquinas_permitidas": [1],
      "parametros": []
    }
  },
  {
    "model": "catalogos.formula",
    "pk": 1,
    "fields": {
      "codigo": "FOR-001",
      "version": "1.0.0",
      "producto": 1,
      "descripcion": "Fórmula semilla",
      "activa": true
    }
  },
  {
    "model": "catalogos.formulaingrediente",
    "pk": 1,
    "fields": {
      "formula": 1,
      "material": 1,
      "cantidad": "5.000",
      "unidad": "kg",
      "orden": 1,
      "notas": ""
    }
  },
  {
    "model": "catalogos.formulaetapa",
    "pk": 1,
    "fields": {
      "formula": 1,
      "etapa": 1,
      "orden": 1,
      "descripcion": "Mezclar hasta homogeneidad",
      "duracion_estimada_min": 45
    }
  }
]
